{
  "ticks": 10000,
  "seconds": 0.0004539579967968166,
  "tps": 22028469.749539007
}