{
  "ticks": 10000,
  "seconds": 0.016338292000000365,
  "tps": 612059.0818183306
}